First Name;Last Name;Role;Phone;OU;Street;ZIP/Postal Code;City;Country/Region;Password
Malachi;Alexander;Overal;(01093) 67264;Overal;Rua C 577;39404-335;Moscow;Russia;P@ssw0rd1
Nelle;Alford;Overal;0800 803326;Overal;2ª Travessa Ladeira da Igreja 422;54315-665;Izhevsk;Russia;P@ssw0rd1
Meredith;Arnold;Overal;055 2982 6268;Overal;Rua Ademar de Barros 1784;18705-220;Sankt Petersburg;Russia;P@ssw0rd1
Hasad;Ashley;Overal;(017295) 16704;Overal;Rua Puréus 1921;05610-000;Ivanovo;Russia;P@ssw0rd1
Wynne;Ashley;Overal;0845 46 40;Overal;Rua Avicena 106;82630-450;Vladimir;Russia;P@ssw0rd1
Anjolie;Baldwin;Overal;0896 894 2683;Overal;Rua da Polifonia 788;05833-340;Nizhniy Novgorod;Russia;P@ssw0rd1
Yolanda;Ball;Overal;(0116) 735 9894;Overal;Rua Francisco Egídio Borges 141;13185-402;Kostroma;Russia;P@ssw0rd1
Alika;Barron;Overal;(016977) 8362;Overal;Rua Mário Porto Sandoval 1313;17523-140;Ekaterinburg;Russia;P@ssw0rd1
Nolan;Barry;Overal;0500 570389;Overal;Rua Montes Claros 367;88104-660;Tumen;Russia;P@ssw0rd1
Althea;Battle;Overal;0845 46 42;Overal;Rua Petrópolis 1748;01254-030;Glazov;Russia;P@ssw0rd1
Keefe;Becker;Overal;0500 130448;Overal;Rua Amazonas 1700;18607-496;Votkinsk;Russia;P@ssw0rd1
Zenia;Berg;Overal;(016977) 3041;Overal;Avenida Indianópolis 1270;04062-002;Sarapul;Russia;P@ssw0rd1
Deirdre;Bernard;Overal;(014537) 92989;Overal;Rua D 1936;35044-640;Kambarka;Russia;P@ssw0rd1
Raphael;Bird;Overal;055 4871 1314;Overal;Rua Francisco Cabrera Gomes 1887;08676-280;Balezino;Russia;P@ssw0rd1
Rachel;Blackburn;Overal;0975 858 8839;Overal;Rua Fé em Deus 1790;53550-035;Lubertzi;Russia;P@ssw0rd1
Abbot;Blackwell;Overal;(016977) 5178;Overal;Rua dos Gaúchos 341;94945-230;Shatura;Russia;P@ssw0rd1
Mark;Blanchard;Overal;076 8154 7481;Overal;Rua Trinta e Quatro 1343;17039-350;Armavir;Russia;P@ssw0rd1
Nissim;Blanchard;Overal;056 0993 0551;Overal;Rua Cidreira 937;79103-220;Anapa;Russia;P@ssw0rd1
Emmanuel;Blankenship;Overal;0800 720 4070;Overal;Rua Ildefonso Albano 393;21670-340;Saratov;Russia;P@ssw0rd1
Robert;Blevins;Manager;07624 347828;Manager;Rua Sete de Setembro 1050;08560-060;Saransk;Russia;P@ssw0rd1
Rhea;Bolton;Manager;0800 1111;Manager;Rua Martinópolis 1047;06385-843;Orel;Russia;P@ssw0rd1
Emmanuel;Bond;Manager;070 1177 8857;Manager;Rua F 1493;69900-570;Chaikovskiy;Russia;P@ssw0rd1
Madeline;Bonner;Manager;076 7677 5161;Manager;Rua Manoel de Oliveira Quinto 238;14710-022;Neftekamsk;Russia;P@ssw0rd1
Amery;Boyer;Manager;0500 627032;Manager;Rua Domingos Luiz Gonzaga 1466;88085-255;Sterlitamak;Russia;P@ssw0rd1
Alexa;Bradshaw;Manager;0926 494 2881;Manager;Rua Inar Figueiredo 1061;26572-290;Minsk;Russia;P@ssw0rd1
Octavia;Brady;Manager;0899 854 6358;Manager;Passagem São João 1246;66073-720;Moscow;Russia;P@ssw0rd1
Kaitlin;Branch;Manager;0365 692 1742;Manager;Rua Gabriel Malagrida 1364;58013-320;Izhevsk;Russia;P@ssw0rd1
Lois;Bruce;Manager;(0191) 575 6022;Manager;Rua Mateus da Silva Peres 501;19063-725;Sankt Petersburg;Russia;P@ssw0rd1
Joshua;Buchanan;Manager;076 3505 3092;Manager;Rua Bernardo Figueiredo 522;30220-140;Ivanovo;Russia;P@ssw0rd1
Noah;Buck;Manager;056 5712 5060;Manager;Rua Guanahani 1220;12245-090;Vladimir;Russia;P@ssw0rd1
Lucian;Buck;Manager;(01973) 802961;Manager;Avenida Rio Solimões 907;11446-090;Nizhniy Novgorod;Russia;P@ssw0rd1
Asher;Buckley;Manager;(016977) 6721;Manager;Rua Apolo 519;74973-110;Kostroma;Russia;P@ssw0rd1
Mercedes;Buckner;Manager;07822 156284;Manager;Rua Leite Ribeiro 632;24120-210;Ekaterinburg;Russia;P@ssw0rd1
Noelle;Burke;Manager;076 7205 9901;Manager;Rua Hilda Manin Brzezinski 848;87308-430;Tumen;Russia;P@ssw0rd1
Sawyer;Burns;Manager;(01558) 30478;Manager;Avenida Visconde de Taunay 1585;87050-320;Glazov;Russia;P@ssw0rd1
Sheila;Burt;Manager;076 6714 3342;Manager;Rodovia SC - 406 741;88067-000;Votkinsk;Russia;P@ssw0rd1
Orla;Burton;Manager;(0116) 066 4156;Manager;Rua Marquês de Olinda 25;31360-720;Sarapul;Russia;P@ssw0rd1
Dean;Burton;Manager;(0131) 242 5575;Manager;Rua Rio Nilo 105;53433-660;Kambarka;Russia;P@ssw0rd1
Fay;Bush;Manager;0500 511708;Manager;Rua João Ferreira 795;19815-535;Balezino;Russia;P@ssw0rd1
Colleen;Butler;Manager;07935 796257;Manager;Rua Rúbens de Melo Leite 1557;13451-450;Lubertzi;Russia;P@ssw0rd1
Aidan;Byrd;Manager;0500 952558;Manager;Rua Alves de Azevedo 592;26165-560;Shatura;Russia;P@ssw0rd1
Wesley;Cain;Manager;(014546) 60169;Manager;Rua Adolfo Maron 1728;45600-060;Armavir;Russia;P@ssw0rd1
Evelyn;Calderon;Manager;(01142) 20997;Manager;Vila Mestre Aggeo Cardoso 750;37501-340;Anapa;Russia;P@ssw0rd1
Leroy;Cameron;Manager;0839 320 9158;Manager;Quadra Quadra C Conjunto 03 1981;72420-433;Saratov;Russia;P@ssw0rd1
Britanney;Campos;Manager;(021) 2188 8409;Manager;Rua SM 7 1571;74465-531;Saransk;Russia;P@ssw0rd1
Oleg;Cannon;Manager;0800 578998;Manager;Rua Itaobim 1928;31080-240;Orel;Russia;P@ssw0rd1
Brett;Carr;Manager;(01953) 41912;Manager;Rua Gebrail Tamous Isper 1899;12307-090;Chaikovskiy;Russia;P@ssw0rd1
September;Carroll;Manager;(0171) 797 5536;Manager;Rua Delphihea Mendes Faria 1138;07807-200;Neftekamsk;Russia;P@ssw0rd1
Maxine;Carson;Manager;(016977) 8500;Manager;Rua Apinagés 876;68701-280;Sterlitamak;Russia;P@ssw0rd1
Beverly;Carson;IT;0800 1111;IT;Rua 10 1746;75104-200;Minsk;Russia;P@ssw0rd1
Justin;Cash;IT;0500 906982;IT;Rua Manoel de Moura 1111;11421-330;Moscow;Russia;P@ssw0rd1
Oliver;Castaneda;IT;(0171) 131 7595;IT;Rua Ilha do Marajó 955;96215-260;Izhevsk;Russia;P@ssw0rd1
Stephen;Castro;IT;070 0048 9307;IT;Rua Seriema 489;79118-100;Sankt Petersburg;Russia;P@ssw0rd1
Dorothy;Cervantes;IT;076 9137 7954;IT;Avenida Perimetral Norte 1442;74465-330;Ivanovo;Russia;P@ssw0rd1
Darryl;Cherry;IT;07624 905994;IT;Rua Maria Quitéria de Queiroga 1016;26032-000;Vladimir;Russia;P@ssw0rd1
Baker;Christian;IT;0335 745 8244;IT;Rua Jaçanã 1019;83218-320;Nizhniy Novgorod;Russia;P@ssw0rd1
Isaac;Christian;IT;0845 46 45;IT;Avenida Dom Helder Câmara 1610;20973-011;Kostroma;Russia;P@ssw0rd1
Charity;Clay;IT;0845 46 42;IT;Quadra QNM 22 Conjunto N 1285;72210-234;Ekaterinburg;Russia;P@ssw0rd1
Amal;Clements;IT;0842 434 1050;IT;Rua Antônio Alves Prado 1452;79064-280;Tumen;Russia;P@ssw0rd1
Carl;Cohen;IT;0805 123 7776;IT;Rua Treze 158;13087-533;Glazov;Russia;P@ssw0rd1
Jason;Cole;IT;(0121) 626 6118;IT;Rua Santo Cristo 1778;65907-040;Votkinsk;Russia;P@ssw0rd1
Roary;Conley;IT;0800 617 5109;IT;Rua da Paz 1252;30860-230;Sarapul;Russia;P@ssw0rd1
Summer;Cooper;Cloud storage;(0119) 372 3578;Cloud storage;Rua Águas Limpas 577;07192-230;Kambarka;Russia;P@ssw0rd1
Tiger;Copeland;Cloud storage;(01606) 97620;Cloud storage;Rua Américo Lópes 315;23058-160;Balezino;Russia;P@ssw0rd1
Shafira;Cox;Cloud storage;(0191) 233 9177;Cloud storage;Rua Haroldo Anhaia Leite 1409;05324-160;Lubertzi;Russia;P@ssw0rd1
Maggy;Craig;Cloud storage;0304 413 4826;Cloud storage;Travessa Regina Oneda 1231;09541-040;Shatura;Russia;P@ssw0rd1
Dennis;Craig;Cloud storage;(0121) 477 2129;Cloud storage;Rua das Hortências 770;13612-090;Armavir;Russia;P@ssw0rd1
Mason;Cross;Cloud storage;070 6391 9193;Cloud storage;Praça Hamilton Chaves 44;90830-270;Anapa;Russia;P@ssw0rd1
James;Cummings;Cloud storage;(029) 1552 4253;Cloud storage;Rua Bom Jesus 1132;60332-630;Saratov;Russia;P@ssw0rd1
Ashely;Cunningham;Cloud storage;(016977) 3451;Cloud storage;Rua das Ameixeiras 575;26349-550;Saransk;Russia;P@ssw0rd1
Karly;Curry;Cloud storage;0392 826 2526;Cloud storage;Rua Desembargador Floriano Benevides Magalhães 1420;60811-690;Orel;Russia;P@ssw0rd1
Aubrey;Dale;Cloud storage;07419 016878;Cloud storage;Rua João Megali 1047;75093-180;Chaikovskiy;Russia;P@ssw0rd1
William;Dalton;Cloud storage;0800 140 6624;Cloud storage;Rua Pedro Agrisse 1743;45996-456;Neftekamsk;Russia;P@ssw0rd1
Hilel;Dalton;Cloud storage;(012672) 63073;Cloud storage;Rua Brito Alves 1181;30590-260;Sterlitamak;Russia;P@ssw0rd1
Grace;Davidson;Cloud storage;0845 46 47;Cloud storage;Rua Jornalista Guerra de Holanda 1332;52061-010;Minsk;Russia;P@ssw0rd1
Pearl;Davidson;Cloud storage;0800 534 9116;Cloud storage;Quadra Quadra 588 319;72860-551;Moscow;Russia;P@ssw0rd1
Zachary;Dejesus;Cloud storage;056 3733 7270;Cloud storage;Rua Nelson Martins 1967;54777-025;Izhevsk;Russia;P@ssw0rd1
Ray;Delacruz;Cloud storage;07792 850708;Cloud storage;Rua Paulo Alves da Silva Telles 152;02722-040;Sankt Petersburg;Russia;P@ssw0rd1
Rinah;Deleon;Cloud storage;(018742) 64113;Cloud storage;Rua José Fernandes 1048;68500-470;Ivanovo;Russia;P@ssw0rd1
Xantha;Dillard;Cloud storage;0500 877025;Cloud storage;Rua Fanfa Ribas 1940;96402-060;Vladimir;Russia;P@ssw0rd1
Raja;Dorsey;Cloud storage;(01444) 567855;Cloud storage;Rua Ubarana 149;04221-030;Nizhniy Novgorod;Russia;P@ssw0rd1
September;Dotson;Cloud storage;0975 308 2974;Cloud storage;Rua Petrópolis 1515;13104-150;Kostroma;Russia;P@ssw0rd1
Brynne;Duffy;Cloud storage;0500 248959;Cloud storage;Rua Tabatinguera 556;07909-150;Ekaterinburg;Russia;P@ssw0rd1
Rama;Duffy;Cloud storage;055 3703 8955;Cloud storage;Praça B 1497;38703-554;Tumen;Russia;P@ssw0rd1
Mark;Duke;Cloud storage;056 2950 6473;Cloud storage;Vila Vitória 489;60020-230;Glazov;Russia;P@ssw0rd1
Barbara;Duncan;Cloud storage;(01209) 777280;Cloud storage;Rua Arlindo Henrique da Silveira 1068;36301-314;Votkinsk;Russia;P@ssw0rd1
Giacomo;Dunlap;Cloud storage;(01363) 275575;Cloud storage;Rua José Beira da Silva 393;83401-500;Sarapul;Russia;P@ssw0rd1
Kendall;Ellison;Cloud storage;070 7515 8284;Cloud storage;Rua Manoel Luís de Lima 1437;58086-000;Kambarka;Russia;P@ssw0rd1
Cameron;Evans;Cloud storage;0800 1111;Cloud storage;Rua Pinda 1014;26176-420;Balezino;Russia;P@ssw0rd1
Brody;Evans;Cloud storage;07624 207886;Cloud storage;Rua Gabriel Barbosa de Moraes 874;09271-650;Lubertzi;Russia;P@ssw0rd1
Anastasia;Faulkner;Cloud storage;0800 736 4863;Cloud storage;Rua Seis 645;12951-095;Shatura;Russia;P@ssw0rd1
Wyatt;Fleming;Cloud storage;0500 981973;Cloud storage;Rua Rio Maruí 1941;08215-640;Armavir;Russia;P@ssw0rd1
Hop;Fletcher;Cloud storage;0875 271 9330;Cloud storage;Rua João-de-barro 1724;86708-240;Anapa;Russia;P@ssw0rd1
Claire;Flores;Cloud storage;0845 46 45;Cloud storage;Rua São Francisco 1045;41705-070;Saratov;Russia;P@ssw0rd1
Brielle;Floyd;Cloud storage;0800 195 8972;Cloud storage;Rua José Morgan 853;29310-351;Saransk;Russia;P@ssw0rd1
Quinn;Flynn;Cloud storage;0800 045 6115;Cloud storage;Rua São Luiz 293;74964-430;Orel;Russia;P@ssw0rd1
Hoyt;Flynn;Cloud storage;(0111) 111 0919;Cloud storage;Rua Josephina P. Guimarães 1201;83413-310;Chaikovskiy;Russia;P@ssw0rd1
Gray;Foley;Cloud storage;0500 443173;Cloud storage;Rua Vila Isabel 1898;41620-210;Neftekamsk;Russia;P@ssw0rd1
Amir;Frazier;Cloud storage;0500 551199;Cloud storage;Rua Dezenove 286;55608-615;Sterlitamak;Russia;P@ssw0rd1
Ramona;Frye;Cloud storage;0987 752 5793;Cloud storage;Rua Marcos Andreatta 1536;81200-120;Minsk;Russia;P@ssw0rd1
Raphael;Gaines;Cloud storage;(01234) 15496;Cloud storage;Rua Colméia 491;87308-310;Moscow;Russia;P@ssw0rd1
Lucas;Gallagher;Cloud storage;0500 444601;Cloud storage;Rua Maria Beatriz Cataldi Franca 130;27115-510;Izhevsk;Russia;P@ssw0rd1
Fay;Gallegos;Cloud storage;(0119) 266 8369;Cloud storage;Passagem Bom Jesus 475;66123-560;Sankt Petersburg;Russia;P@ssw0rd1
Prescott;Gay;Cloud storage;07624 855846;Cloud storage;Rua das Esmeraldas 1039;74974-530;Ivanovo;Russia;P@ssw0rd1
Craig;Gilbert;Cloud storage;0800 394 2554;Cloud storage;Rua Urca 776;32242-380;Vladimir;Russia;P@ssw0rd1
Molly;Gill;Cloud storage;0800 938211;Cloud storage;Rua Altair 1035;30880-610;Nizhniy Novgorod;Russia;P@ssw0rd1
Andrew;Gillespie;Cloud storage;0839 753 1216;Cloud storage;Rua Vale do Sol 87;87023-107;Kostroma;Russia;P@ssw0rd1
Ignatius;Gilliam;Cloud storage;07193 044301;Cloud storage;Rua Francisca Lé do Nascimento 759;89214-772;Ekaterinburg;Russia;P@ssw0rd1
Malcolm;Gilliam;Cloud storage;0500 950698;Cloud storage;Rua Elías Polleti 1730;27540-270;Tumen;Russia;P@ssw0rd1
Armand;Glenn;Cloud storage;076 9478 1567;Cloud storage;Rua Santa Cecília 1394;30514-550;Glazov;Russia;P@ssw0rd1
Eden;Goff;Cloud storage;0500 328756;Cloud storage;Rua Curupa 975;03355-010;Votkinsk;Russia;P@ssw0rd1
Kevin;Golden;Cloud storage;(01760) 382919;Cloud storage;Rua Almirante Lourenço Maranhão Vieira 807;28613-350;Sarapul;Russia;P@ssw0rd1
Cyrus;Gomez;Cloud storage;0371 672 8815;Cloud storage;Avenida Darly Santos 566;29104-491;Kambarka;Russia;P@ssw0rd1
Ifeoma;Gomez;Cloud storage;070 6832 5055;Cloud storage;Rua Allan Kardec 1494;97543-020;Balezino;Russia;P@ssw0rd1
Wesley;Gonzales;Supporter;070 1889 2684;Supporter;Travessa Rúbens Saba 454;23085-420;Lubertzi;Russia;P@ssw0rd1
Iris;Gonzalez;Supporter;07257 553744;Supporter;Praça Doutor Antônio Gaglianone 899;13607-340;Shatura;Russia;P@ssw0rd1
Trevor;Gonzalez;Supporter;07624 449129;Supporter;Rua Málaga 1029;74330-560;Armavir;Russia;P@ssw0rd1
Cally;Gordon;Supporter;055 5589 9091;Supporter;Vila São Mateus 868;38700-408;Anapa;Russia;P@ssw0rd1
Coby;Gould;Supporter;(01652) 57555;Supporter;Travessa Senhor do Bonfim 1752;41180-060;Saratov;Russia;P@ssw0rd1
Keith;Grant;Supporter;0904 480 5746;Supporter;Rua Floreal 1058;08567-220;Saransk;Russia;P@ssw0rd1
Rahim;Grant;Supporter;(01373) 79487;Supporter;Rua Quatorze 1201;13053-661;Orel;Russia;P@ssw0rd1
Armand;Greene;Supporter;0800 1111;Supporter;Rua Santa Inês 116;13206-510;Chaikovskiy;Russia;P@ssw0rd1
Maite;Griffin;Supporter;055 6627 1560;Supporter;Rua 141 743;75105-740;Neftekamsk;Russia;P@ssw0rd1
Brianna;Griffin;Supporter;(01101) 87369;Supporter;Rua Rio Macaúbas 537;87043-540;Sterlitamak;Russia;P@ssw0rd1
Nadine;Griffin;Supporter;076 6177 0447;Supporter;Rua Cuiabá 1358;96825-300;Minsk;Russia;P@ssw0rd1
Donovan;Griffith;Supporter;076 5612 5322;Supporter;Rua Butantã 1364;18040-590;Moscow;Russia;P@ssw0rd1
Hamish;Gross;Supporter;0806 022 4122;Supporter;Rua José Venâncio Rodrigues 115;32632-180;Izhevsk;Russia;P@ssw0rd1
Maryam;Guzman;Supporter;(016977) 1089;Supporter;Rua Olavo Godoy 35;13563-515;Sankt Petersburg;Russia;P@ssw0rd1
Aladdin;Hale;Supporter;07624 730943;Supporter;Rua Canadá 1205;94965-070;Ivanovo;Russia;P@ssw0rd1
Riley;Hansen;Supporter;0800 1111;Supporter;Rua Nove 892;08640-486;Vladimir;Russia;P@ssw0rd1
Margaret;Hardy;Supporter;(0116) 315 6232;Supporter;Rua Amadeu Filard 1929;36205-242;Nizhniy Novgorod;Russia;P@ssw0rd1
Imelda;Harmon;Supporter;(0131) 065 8896;Supporter;Rua Azarias Leite 1057;17014-400;Kostroma;Russia;P@ssw0rd1
Quamar;Harrington;Supporter;056 1843 7692;Supporter;Quadra QNM 36 Conjunto W 854;72145-623;Ekaterinburg;Russia;P@ssw0rd1
Ralph;Hawkins;Supporter;0845 46 47;Supporter;Rua Itamaraju 385;29170-130;Tumen;Russia;P@ssw0rd1
Kaye;Haynes;Supporter;07909 205485;Supporter;Rua Jacitara 1347;25255-340;Glazov;Russia;P@ssw0rd1
Joshua;Henderson;Supporter;0800 1111;Supporter;Quadra Cinqüenta e Cinco 708;67040-620;Votkinsk;Russia;P@ssw0rd1
Dean;Hess;Supporter;0845 46 49;Supporter;Rua Xavantes 1353;74565-680;Sarapul;Russia;P@ssw0rd1
Tyrone;Hewitt;Supporter;(0111) 534 3745;Supporter;Rua Rio Piquiri 1283;83403-620;Kambarka;Russia;P@ssw0rd1
Dean;Hines;Supporter;(018810) 45873;Supporter;Rua Santa Helena 1180;17032-080;Balezino;Russia;P@ssw0rd1
Jessamine;Hodge;Supporter;(01797) 677434;Supporter;Rua Engenheiro César Dantas 204;29072-265;Lubertzi;Russia;P@ssw0rd1
Raymond;Hodges;Supporter;(028) 1903 8158;Supporter;Rua Victório Pegoretti 1601;18030-235;Shatura;Russia;P@ssw0rd1
Lucas;Holder;Supporter;07586 339823;Supporter;Viela Pereira Barreto 1387;07262-440;Armavir;Russia;P@ssw0rd1
Nash;Hood;Supporter;0313 393 6724;Supporter;Rua Carmelo 688;31565-260;Anapa;Russia;P@ssw0rd1
Hunter;Hopkins;Supporter;056 4548 0555;Supporter;Rua Francisco M. Silva Ribeiro 1875;06695-510;Saratov;Russia;P@ssw0rd1
Barry;Hopkins;Supporter;076 5806 5499;Supporter;Avenida Dois 1335;13455-546;Saransk;Russia;P@ssw0rd1
Kelsie;Horton;Supporter;(019922) 72609;Supporter;Rua 5 96;69068-330;Orel;Russia;P@ssw0rd1
Rudyard;House;Supporter;0885 254 3712;Supporter;Rua Artur José Teixeira 1626;26515-035;Chaikovskiy;Russia;P@ssw0rd1
Noah;House;Supporter;076 7007 6614;Supporter;Rua Nossa Senhora de Fátima 152;32653-180;Neftekamsk;Russia;P@ssw0rd1
Reuben;Houston;Supporter;0500 129297;Supporter;Rua das Paineiras 1154;87301-370;Sterlitamak;Russia;P@ssw0rd1
Lois;Howell;Supporter;0800 466 6390;Supporter;Rua 76 1814;74355-459;Minsk;Russia;P@ssw0rd1
Hilary;Jimenez;Supporter;070 1049 7807;Supporter;Rua Vicente Mesquita 1599;49035-760;Moscow;Russia;P@ssw0rd1
Illiana;Joyner;Supporter;(01972) 699833;Supporter;Rua Célia Vale 1283;26165-080;Izhevsk;Russia;P@ssw0rd1
Brett;Juarez;Supporter;076 5875 6696;Supporter;Rua Pernambuco 246;78135-620;Sankt Petersburg;Russia;P@ssw0rd1
Armand;Knowles;Supporter;070 9171 3477;Supporter;Rua dos Eremitas 492;13238-750;Ivanovo;Russia;P@ssw0rd1
Jescie;Knox;Supporter;0800 659455;Supporter;5ª Travessa da Recanto Cachoeirinha 1626;41181-240;Vladimir;Russia;P@ssw0rd1
Phoebe;Koch;Supporter;0800 1111;Supporter;Rua Milton Miro Vernalha 1595;83215-035;Nizhniy Novgorod;Russia;P@ssw0rd1
Adam;Kramer;Supporter;(016977) 7884;Supporter;Rua Cento e Vinte e Um 1980;94856-370;Kostroma;Russia;P@ssw0rd1
Malik;Larsen;Supporter;(01210) 601597;Supporter;Rua Joaquim Camargos 1831;32371-030;Ekaterinburg;Russia;P@ssw0rd1
Wesley;Lawrence;Supporter;(0114) 777 7796;Supporter;Rua dos Democraticos 1574;21010-730;Tumen;Russia;P@ssw0rd1
Maxwell;Leblanc;Supporter;055 4386 8181;Supporter;Rua Recife 80;85859-706;Glazov;Russia;P@ssw0rd1
Dale;Lindsay;Supporter;0822 037 3583;Supporter;Rua Açude Santa Rita de Cássia 98;59133-360;Votkinsk;Russia;P@ssw0rd1
Aiko;Lindsey;Supporter;(020) 2856 7808;Supporter;Estrada José Maria Salgado 1906;12335-220;Sarapul;Russia;P@ssw0rd1
Adria;Logan;Supporter;(01603) 412628;Supporter;Rua da Grécia 1455;41390-430;Kambarka;Russia;P@ssw0rd1
Knox;Lopez;Supporter;0800 847395;Supporter;Rua Nicolau Delgallo 413;17054-667;Balezino;Russia;P@ssw0rd1
Drew;Lott;Supporter;0800 343113;Supporter;Quadra AV 301 Sul Avenida NS 1 585;77015-364;Lubertzi;Russia;P@ssw0rd1
Kaye;Lott;Supporter;(01933) 37331;Supporter;Rua São Judas Tadeu 1591;55036-190;Shatura;Russia;P@ssw0rd1
Patricia;Lucas;Supporter;0800 644648;Supporter;Rua Avelino Nunes de Souza 1104;08765-180;Armavir;Russia;P@ssw0rd1
Tanisha;Luna;Supporter;0825 148 2106;Supporter;Rua José Pinus 1685;94425-270;Anapa;Russia;P@ssw0rd1
Moana;Macdonald;Supporter;0800 961989;Supporter;Rua Santa Inês 286;30295-290;Saratov;Russia;P@ssw0rd1
James;Macias;Supporter;055 5966 5324;Supporter;Rua Henrique Bombardelli 1992;85906-480;Saransk;Russia;P@ssw0rd1
Vivian;Malone;Supporter;0800 640179;Supporter;Rua das Oliveiras 793;38035-030;Orel;Russia;P@ssw0rd1
Liberty;Mccarthy;Supporter;0822 605 4328;Supporter;Rua Jurema Mesquita Borges 675;09895-840;Chaikovskiy;Russia;P@ssw0rd1
Brielle;Mccarty;Supporter;0399 001 2889;Supporter;Rua São Marcelino Champagnat 833;88811-610;Neftekamsk;Russia;P@ssw0rd1
Libby;Mcclure;Supporter;076 1774 7823;Supporter;Rua Doze de Abril 986;40335-170;Sterlitamak;Russia;P@ssw0rd1
Irma;Mcclure;Supporter;(01805) 39107;Supporter;Caminho 18-F 661;41342-758;Minsk;Russia;P@ssw0rd1
Gabriel;Mcdowell;Supporter;056 8808 4822;Supporter;Rua São Severino dos Ramos 432;59123-550;Moscow;Russia;P@ssw0rd1
Angelica;Mcgee;Supporter;055 2943 3268;Supporter;Rua Feitiço da Vila 503;05879-000;Izhevsk;Russia;P@ssw0rd1
Vivien;Mcguire;Supporter;(020) 7988 7781;Supporter;Rua José da Bomba 448;50830-200;Sankt Petersburg;Russia;P@ssw0rd1
Drew;Mcintyre;Supporter;076 0018 0604;Supporter;Rua Pantanal 707;79083-230;Ivanovo;Russia;P@ssw0rd1
Emi;Mcmillan;Supporter;0800 342 6095;Supporter;Rua Aero Rancho 110;79083-240;Vladimir;Russia;P@ssw0rd1
Lucius;Mendez;Supporter;0800 956 0333;Supporter;Avenida Rio Branco 1223;88015-204;Nizhniy Novgorod;Russia;P@ssw0rd1
Mia;Mercer;Supporter;(0115) 067 4494;Supporter;Rua José Mazzeu 571;14700-775;Kostroma;Russia;P@ssw0rd1
Chelsea;Monroe;Supporter;07869 106241;Supporter;Rua Manuel Barbosa 243;23835-370;Ekaterinburg;Russia;P@ssw0rd1
Ahmed;Montgomery;Supporter;0845 46 43;Supporter;Rua Niáctor Andrade Pinto 1041;31370-450;Tumen;Russia;P@ssw0rd1
Iliana;Moreno;Supporter;070 6633 0404;Supporter;Rua Helvécio Serpa 450;25963-310;Glazov;Russia;P@ssw0rd1
Boris;Morgan;Supporter;0800 500264;Supporter;Rua Carnaúba 902;83705-490;Votkinsk;Russia;P@ssw0rd1
Hanae;Morton;Supporter;070 8578 6588;Supporter;Rua Trinta 1079;18306-350;Sarapul;Russia;P@ssw0rd1
Nathaniel;Mullins;Supporter;0500 536584;Supporter;Rua Antônio Malosti 514;12090-764;Kambarka;Russia;P@ssw0rd1
Geoffrey;Murray;Supporter;070 0319 8793;Supporter;Avenida das Canecas 1350;40327-020;Balezino;Russia;P@ssw0rd1
Jenna;Myers;Supporter;0962 123 1547;Supporter;Travessa das Azaléias 292;93295-350;Lubertzi;Russia;P@ssw0rd1
Vielka;Nelson;Supporter;0800 1111;Supporter;Rua Oito 401;27516-260;Shatura;Russia;P@ssw0rd1
Diana;Nelson;Supporter;(023) 2727 2984;Supporter;Travessa Carim 1165;79018-060;Armavir;Russia;P@ssw0rd1
Isabelle;Newman;Supporter;(0131) 085 0579;Supporter;Rua Milano 1103;13256-233;Anapa;Russia;P@ssw0rd1
Helen;Nichols;Supporter;0500 262831;Supporter;Rua Tanabí 1039;15803-060;Saratov;Russia;P@ssw0rd1
Gloria;Nicholson;Supporter;(016977) 0188;Supporter;Rua Austrália 810;13470-150;Saransk;Russia;P@ssw0rd1
Caldwell;Nielsen;Supporter;0846 015 8409;Supporter;Passagem Mirasselva 1585;66620-510;Orel;Russia;P@ssw0rd1
Kyra;Odom;Supporter;(016977) 0916;Supporter;Rua 3 B 969;74455-551;Chaikovskiy;Russia;P@ssw0rd1
Conan;Odonnell;Supporter;(0111) 996 7713;Supporter;Beco Seis 1922;90850-560;Neftekamsk;Russia;P@ssw0rd1
Kylee;Orr;Supporter;0800 1111;Supporter;Conjunto Basa 113;65076-040;Sterlitamak;Russia;P@ssw0rd1
Clementine;Owen;Supporter;076 8856 9555;Supporter;Rua 21 1454;60835-210;Minsk;Russia;P@ssw0rd1
Dennis;Pace;Supporter;056 6113 9531;Supporter;Praça Irmão Desire Afonso 203;91120-510;Moscow;Russia;P@ssw0rd1
Charity;Pacheco;Supporter;0500 591721;Supporter;Rua Maria Batista da Silva 1751;58063-170;Izhevsk;Russia;P@ssw0rd1
Hayley;Padilla;Supporter;0800 1111;Supporter;Rua General Souza Doca 1282;50850-060;Sankt Petersburg;Russia;P@ssw0rd1
Quinn;Park;Supporter;076 3706 8920;Supporter;Rua Ficus 326;35024-060;Ivanovo;Russia;P@ssw0rd1
Carolyn;Parsons;Supporter;(016977) 8880;Supporter;Rua Barão de Aracati 1983;60115-081;Vladimir;Russia;P@ssw0rd1
Cruz;Payne;Supporter;055 9285 2773;Supporter;Rua C 577;39404-335;Nizhniy Novgorod;Russia;P@ssw0rd1
Hu;Pena;Supporter;0845 46 40;Supporter;2ª Travessa Ladeira da Igreja 422;54315-665;Kostroma;Russia;P@ssw0rd1
Karly;Peterson;Supporter;(01017) 59618;Supporter;Rua Ademar de Barros 1784;18705-220;Ekaterinburg;Russia;P@ssw0rd1
Camden;Pickett;Supporter;(01923) 88100;Supporter;Rua Puréus 1921;05610-000;Tumen;Russia;P@ssw0rd1
Devin;Price;Supporter;(0115) 598 4162;Supporter;Rua Avicena 106;82630-450;Glazov;Russia;P@ssw0rd1
Nomlanga;Randall;Supporter;076 0583 8239;Supporter;Rua da Polifonia 788;05833-340;Votkinsk;Russia;P@ssw0rd1
Gray;Randolph;Supporter;0876 771 2686;Supporter;Rua Francisco Egídio Borges 141;13185-402;Sarapul;Russia;P@ssw0rd1
Olivia;Rasmussen;Supporter;(01514) 48952;Supporter;Rua Mário Porto Sandoval 1313;17523-140;Kambarka;Russia;P@ssw0rd1
Timothy;Reed;Supporter;0800 1111;Supporter;Rua Montes Claros 367;88104-660;Balezino;Russia;P@ssw0rd1
Florence;Reynolds;Supporter;07624 079312;Supporter;Rua Petrópolis 1748;01254-030;Lubertzi;Russia;P@ssw0rd1
Sophia;Rivera;Supporter;(026) 3451 6630;Supporter;Rua Amazonas 1700;18607-496;Shatura;Russia;P@ssw0rd1
Cassidy;Rivers;Supporter;0845 46 44;Supporter;Avenida Indianópolis 1270;04062-002;Armavir;Russia;P@ssw0rd1
Vladimir;Rivers;Supporter;056 4813 6394;Supporter;Rua D 1936;35044-640;Anapa;Russia;P@ssw0rd1
Althea;Rodgers;Supporter;(01206) 60527;Supporter;Rua Francisco Cabrera Gomes 1887;08676-280;Saratov;Russia;P@ssw0rd1
Hyatt;Rosales;Supporter;0845 46 48;Supporter;Rua Fé em Deus 1790;53550-035;Saransk;Russia;P@ssw0rd1
Camille;Roth;Supporter;(025) 7109 2133;Supporter;Rua dos Gaúchos 341;94945-230;Orel;Russia;P@ssw0rd1
Amber;Roth;Supporter;0954 392 6002;Supporter;Rua Trinta e Quatro 1343;17039-350;Chaikovskiy;Russia;P@ssw0rd1
Francesca;Rowe;Supporter;(0119) 723 8671;Supporter;Rua Cidreira 937;79103-220;Neftekamsk;Russia;P@ssw0rd1
Slade;Rowland;Supporter;0845 46 45;Supporter;Rua Ildefonso Albano 393;21670-340;Sterlitamak;Russia;P@ssw0rd1
Dean;Roy;Supporter;0800 731090;Supporter;Rua Sete de Setembro 1050;08560-060;Minsk;Russia;P@ssw0rd1
Flynn;Ruiz;Supporter;0800 202 5280;Supporter;Rua Martinópolis 1047;06385-843;Moscow;Russia;P@ssw0rd1
Shellie;Ruiz;Supporter;076 7827 2199;Supporter;Rua F 1493;69900-570;Izhevsk;Russia;P@ssw0rd1
Lisandra;Rutledge;Supporter;07110 935353;Supporter;Rua Manoel de Oliveira Quinto 238;14710-022;Sankt Petersburg;Russia;P@ssw0rd1
Reuben;Sanford;Supporter;(0131) 967 6153;Supporter;Rua Domingos Luiz Gonzaga 1466;88085-255;Ivanovo;Russia;P@ssw0rd1
Gannon;Santiago;Supporter;055 8194 3282;Supporter;Rua Inar Figueiredo 1061;26572-290;Vladimir;Russia;P@ssw0rd1
Ebony;Saunders;Supporter;055 4129 3951;Supporter;Passagem São João 1246;66073-720;Nizhniy Novgorod;Russia;P@ssw0rd1
Eden;Sawyer;Supporter;076 9440 7112;Supporter;Rua Gabriel Malagrida 1364;58013-320;Kostroma;Russia;P@ssw0rd1
Jacob;Schneider;Supporter;0989 511 0174;Supporter;Rua Mateus da Silva Peres 501;19063-725;Ekaterinburg;Russia;P@ssw0rd1
Emily;Schroeder;Supporter;0883 617 0894;Supporter;Rua Bernardo Figueiredo 522;30220-140;Tumen;Russia;P@ssw0rd1
Barry;Schultz;Supporter;0500 785910;Supporter;Rua Guanahani 1220;12245-090;Glazov;Russia;P@ssw0rd1
Lydia;Sears;Supporter;055 6847 9914;Supporter;Avenida Rio Solimões 907;11446-090;Votkinsk;Russia;P@ssw0rd1
Ashton;Shields;Supporter;0845 46 42;Supporter;Rua Apolo 519;74973-110;Sarapul;Russia;P@ssw0rd1
Anastasia;Silva;Supporter;(01204) 604330;Supporter;Rua Leite Ribeiro 632;24120-210;Kambarka;Russia;P@ssw0rd1
Jermaine;Simmons;Supporter;0961 488 2995;Supporter;Rua Hilda Manin Brzezinski 848;87308-430;Balezino;Russia;P@ssw0rd1
Shaine;Simmons;Supporter;0800 1111;Supporter;Avenida Visconde de Taunay 1585;87050-320;Lubertzi;Russia;P@ssw0rd1
Chloe;Simon;Supporter;07570 389687;Supporter;Rodovia SC - 406 741;88067-000;Shatura;Russia;P@ssw0rd1
Mary;Singleton;Supporter;(016977) 7346;Supporter;Rua Marquês de Olinda 25;31360-720;Armavir;Russia;P@ssw0rd1
Hyatt;Singleton;Supporter;(0131) 806 2884;Supporter;Rua Rio Nilo 105;53433-660;Anapa;Russia;P@ssw0rd1
Belle;Small;Supporter;(016977) 4385;Supporter;Rua João Ferreira 795;19815-535;Saratov;Russia;P@ssw0rd1
Britanney;Smith;Supporter;0845 46 44;Supporter;Rua Rúbens de Melo Leite 1557;13451-450;Saransk;Russia;P@ssw0rd1
Uriah;Spencer;Supporter;(012788) 00210;Supporter;Rua Alves de Azevedo 592;26165-560;Orel;Russia;P@ssw0rd1
Deirdre;Stark;Supporter;(01943) 50640;Supporter;Rua Adolfo Maron 1728;45600-060;Chaikovskiy;Russia;P@ssw0rd1
Simon;Stevenson;Supporter;055 7008 2362;Supporter;Vila Mestre Aggeo Cardoso 750;37501-340;Neftekamsk;Russia;P@ssw0rd1
Hayes;Stokes;Supporter;0354 444 5482;Supporter;Quadra Quadra C Conjunto 03 1981;72420-433;Sterlitamak;Russia;P@ssw0rd1
Stone;Stout;Supporter;0500 399087;Supporter;Rua SM 7 1571;74465-531;Minsk;Russia;P@ssw0rd1
Mark;Sutton;Supporter;0800 054 8015;Supporter;Rua Itaobim 1928;31080-240;Moscow;Russia;P@ssw0rd1
Lamar;Sweeney;Supporter;0800 271 7711;Supporter;Rua Gebrail Tamous Isper 1899;12307-090;Izhevsk;Russia;P@ssw0rd1
Cyrus;Talley;Supporter;0500 834681;Supporter;Rua Delphihea Mendes Faria 1138;07807-200;Sankt Petersburg;Russia;P@ssw0rd1
Aspen;Terrell;Supporter;0800 262 7800;Supporter;Rua Apinagés 876;68701-280;Ivanovo;Russia;P@ssw0rd1
Kay;Tillman;Supporter;076 6255 6738;Supporter;Rua 10 1746;75104-200;Vladimir;Russia;P@ssw0rd1
Alan;Todd;Supporter;0845 46 40;Supporter;Rua Manoel de Moura 1111;11421-330;Nizhniy Novgorod;Russia;P@ssw0rd1
Leigh;Torres;Supporter;0500 270908;Supporter;Rua Ilha do Marajó 955;96215-260;Kostroma;Russia;P@ssw0rd1
Arthur;Tran;Supporter;0845 46 49;Supporter;Rua Seriema 489;79118-100;Ekaterinburg;Russia;P@ssw0rd1
Drew;Trevino;Supporter;(0111) 103 1742;Supporter;Avenida Perimetral Norte 1442;74465-330;Tumen;Russia;P@ssw0rd1
Bruno;Trujillo;Supporter;070 8220 2069;Supporter;Rua Maria Quitéria de Queiroga 1016;26032-000;Glazov;Russia;P@ssw0rd1
Rigel;Tyson;Supporter;0800 058087;Supporter;Rua Jaçanã 1019;83218-320;Votkinsk;Russia;P@ssw0rd1
Alexander;Valenzuela;Supporter;07183 706268;Supporter;Avenida Dom Helder Câmara 1610;20973-011;Sarapul;Russia;P@ssw0rd1
Berk;Vargas;Supporter;(01151) 11603;Supporter;Quadra QNM 22 Conjunto N 1285;72210-234;Kambarka;Russia;P@ssw0rd1
Ulla;Vaughan;Supporter;0800 1111;Supporter;Rua Antônio Alves Prado 1452;79064-280;Balezino;Russia;P@ssw0rd1
Genevieve;Vega;Supporter;(016977) 0468;Supporter;Rua Treze 158;13087-533;Lubertzi;Russia;P@ssw0rd1
Quinlan;Velasquez;Supporter;0800 901440;Supporter;Rua Santo Cristo 1778;65907-040;Shatura;Russia;P@ssw0rd1
Rigel;Velez;Supporter;056 4502 6593;Supporter;Rua da Paz 1252;30860-230;Armavir;Russia;P@ssw0rd1
Josephine;Vinson;Supporter;0963 508 9921;Supporter;Rua Águas Limpas 577;07192-230;Anapa;Russia;P@ssw0rd1
comp;Cloud storage;Supporter;555-1212;Supporter;Rua Américo Lópes 315;23058-160;Saratov;Russia;P@ssw0rd1
Caesar;Wagner;Supporter;07624 944739;Supporter;Rua Haroldo Anhaia Leite 1409;05324-160;Saransk;Russia;P@ssw0rd1
Addison;Wall;Supporter;(0117) 975 9825;Supporter;Travessa Regina Oneda 1231;09541-040;Orel;Russia;P@ssw0rd1
Bernard;Waller;Supporter;056 8748 5769;Supporter;Rua das Hortências 770;13612-090;Chaikovskiy;Russia;P@ssw0rd1
Daryl;Ward;Supporter;(016977) 6240;Supporter;Praça Hamilton Chaves 44;90830-270;Neftekamsk;Russia;P@ssw0rd1
Micah;Ware;Supporter;(021) 5854 2040;Supporter;Rua Bom Jesus 1132;60332-630;Sterlitamak;Russia;P@ssw0rd1
Macey;Waters;Supporter;(016977) 2122;Supporter;Rua das Ameixeiras 575;26349-550;Minsk;Russia;P@ssw0rd1
Martina;Watkins;Supporter;0323 362 7438;Supporter;Rua Desembargador Floriano Benevides Magalhães 1420;60811-690;Moscow;Russia;P@ssw0rd1
Ignatius;Watts;Supporter;056 3049 4869;Supporter;Rua João Megali 1047;75093-180;Izhevsk;Russia;P@ssw0rd1
Nissim;Webb;Supporter;(029) 1123 1695;Supporter;Rua Pedro Agrisse 1743;45996-456;Sankt Petersburg;Russia;P@ssw0rd1
Dylan;Wheeler;Supporter;(01576) 340884;Supporter;Rua Brito Alves 1181;30590-260;Ivanovo;Russia;P@ssw0rd1
Alika;Whitley;Supporter;0500 966945;Supporter;Rua Jornalista Guerra de Holanda 1332;52061-010;Vladimir;Russia;P@ssw0rd1
Risa;Wiggins;Supporter;070 3067 3399;Supporter;Quadra Quadra 588 319;72860-551;Nizhniy Novgorod;Russia;P@ssw0rd1
Tanisha;Wiggins;Supporter;0932 574 9719;Supporter;Rua Nelson Martins 1967;54777-025;Kostroma;Russia;P@ssw0rd1
Colby;Wilcox;Supporter;(0114) 567 1753;Supporter;Rua Paulo Alves da Silva Telles 152;02722-040;Ekaterinburg;Russia;P@ssw0rd1
Maxwell;Wilder;Supporter;0845 46 41;Supporter;Rua José Fernandes 1048;68500-470;Tumen;Russia;P@ssw0rd1
Rae;Wiley;Supporter;(016977) 1122;Supporter;Rua Fanfa Ribas 1940;96402-060;Glazov;Russia;P@ssw0rd1
Bell;Wiley;Supporter;076 6314 3884;Supporter;Rua Ubarana 149;04221-030;Votkinsk;Russia;P@ssw0rd1
Samantha;Wilkins;Supporter;(023) 2557 0515;Supporter;Rua Petrópolis 1515;13104-150;Sarapul;Russia;P@ssw0rd1
Angela;Wilkinson;Supporter;0800 861483;Supporter;Rua Tabatinguera 556;07909-150;Kambarka;Russia;P@ssw0rd1
Gemma;Williams;Supporter;0800 1111;Supporter;Praça B 1497;38703-554;Balezino;Russia;P@ssw0rd1
Doris;Williamson;Supporter;0800 600 6173;Supporter;Vila Vitória 489;60020-230;Lubertzi;Russia;P@ssw0rd1
Stephen;Willis;Supporter;0800 190607;Supporter;Rua Arlindo Henrique da Silveira 1068;36301-314;Shatura;Russia;P@ssw0rd1
Joseph;Wise;Supporter;0873 759 5669;Supporter;Rua José Beira da Silva 393;83401-500;Armavir;Russia;P@ssw0rd1
Fleur;Wolfe;Supporter;0845 46 46;Supporter;Rua Manoel Luís de Lima 1437;58086-000;Anapa;Russia;P@ssw0rd1
Mira;Woodard;Supporter;(023) 9812 7076;Supporter;Rua Pinda 1014;26176-420;Saratov;Russia;P@ssw0rd1
Colt;Wooten;Supporter;(013018) 49971;Supporter;Rua Gabriel Barbosa de Moraes 874;09271-650;Saransk;Russia;P@ssw0rd1
Brock;Workman;Supporter;(0118) 933 3186;Supporter;Rua Seis 645;12951-095;Orel;Russia;P@ssw0rd1
Alden;Wright;Supporter;(024) 4423 7170;Supporter;Rua Rio Maruí 1941;08215-640;Chaikovskiy;Russia;P@ssw0rd1
Herman;Wright;Supporter;0500 071357;Supporter;Rua João-de-barro 1724;86708-240;Neftekamsk;Russia;P@ssw0rd1
Kasper;Yates;Supporter;0845 46 42;Supporter;Rua São Francisco 1045;41705-070;Sterlitamak;Russia;P@ssw0rd1
Stuart;York;Supporter;0800 597 5169;Supporter;Rua José Morgan 853;29310-351;Minsk;Russia;P@ssw0rd1
